pri_res,dual_res,H_norm_0,H_norm_1,time
32.25958728535841,1.9980850909129194e-11,2.4512124e7,53650.64738185031,23.180999994277954
13.586066202624142,1.801682939608841e-11,2.4577119e7,52849.46760849269,32.06100010871887
9.086891116492414,1.780829634824272e-11,2.4552233e7,51975.99829322382,41.593000173568726
7.119904197445055,1.8321073573868127e-11,2.4504037e7,50613.47652133628,50.128000020980835
5.8946641321605115,1.896629217602429e-11,2.4454824e7,49675.90626096795,59.50800013542175
5.0308748009782285,1.9549680621608826e-11,2.4409124e7,49062.6920810695,68.12700009346008
4.392872468859522,2.0051060333379755e-11,2.4365427e7,48621.5609723863,77.11199998855591
3.9026248883413435,2.0482363649858257e-11,2.4323417e7,48273.19254084996,86.33300018310547
3.51313154158293,2.086082766819122e-11,2.4281816e7,47986.15421611605,94.88499999046326
3.1949152580734763,2.119983626089196e-11,2.4239351e7,47740.66061326462,103.98900008201599
2.9297217518889136,2.1503605694029233e-11,2.4198303e7,47527.243295765074,112.78200006484985
2.703968820592135,2.1781376214645356e-11,2.415707e7,47339.312039628945,122.28000020980835
2.509355474578766,2.203127322913857e-11,2.4117e7,47174.112629202245,131.44900012016296
2.339565329654106,2.2263727095853517e-11,2.4078079e7,47028.227050414214,140.28900003433228
2.19050161499635,2.2477201923092146e-11,2.4037305e7,46897.97827975286,148.87900018692017
2.0589025194147843,2.2674841624371256e-11,2.3997515e7,46781.5131498282,158.12600016593933
1.9417670995127763,2.2857447868007432e-11,2.3956657e7,46675.70367247882,167.88900017738342
1.8365916287745159,2.3031325890894525e-11,2.3916817e7,46579.39799218973,177.19500017166138
1.7410542280966272,2.3188985344891278e-11,2.3876514e7,46491.01623737928,186.8600001335144
1.6544340672646602,2.3342281200012335e-11,2.3838816e7,46409.933867519925,195.9190001487732
1.5757260847459265,2.348349637361583e-11,2.3795434e7,46335.98337372263,204.42300009727478
1.503508618288959,2.361522703009697e-11,2.3756113e7,46267.63284039597,212.9800000190735
1.4368056126239706,2.374275544757433e-11,2.371206e7,46204.25710518528,222.60300016403198
1.37545270093606,2.386234681064452e-11,2.3671828e7,46146.014018209775,232.27100014686584
1.3188017819386044,2.3977631178999655e-11,2.3631943e7,46092.17340381838,241.45100021362305
1.2659599986632049,2.4082745648036822e-11,2.3593381e7,46041.844623184224,250.88300013542175
1.2162310062554724,2.4183939797131664e-11,2.354913e7,45994.358553631464,260.5880000591278
1.1698173398224498,2.4281226288794675e-11,2.3509694e7,45950.08992878722,269.50100016593933
1.1265575588177765,2.4371358721987893e-11,2.3470385e7,45908.6560242742,279.1160001754761
1.0861332192553363,2.4459584060623845e-11,2.3427725e7,45869.501563124715,288.625
1.0480725915532616,2.454390690946624e-11,2.3386494e7,45832.591375577875,297.9300000667572
1.0122870361340885,2.46237798712929e-11,2.3346722e7,45797.64782151652,306.70800018310547
0.978610251295095,2.4701077815998353e-11,2.3304068e7,45764.60906199059,315.72500014305115
0.9468061922176623,2.4775058520525965e-11,2.3260956e7,45733.43705925478,325.5770001411438
0.916784476107416,2.4844265245026014e-11,2.3219234e7,45703.972037649364,335.32600021362305
0.8885730540944099,2.49145368921113e-11,2.3178127e7,45676.03392227451,344.41100001335144
0.8618824591216506,2.4976409518151987e-11,2.3135798e7,45649.39982808405,353.9150002002716
0.8364678599072979,2.5040815408430842e-11,2.3093447e7,45624.03680652558,362.94000005722046
0.8122711719127926,2.5098933782274755e-11,2.3051298e7,45599.787472789816,372.0240001678467
0.7892055283896473,2.5156136940847154e-11,2.3006657e7,45576.67808804302,382.2260000705719
0.7673664416205489,2.5211176393193438e-11,2.2962217e7,45554.64692525889,391.97100019454956
0.7464389689669615,2.52662884744805e-11,2.2919454e7,45533.46113936944,401.40500020980835
0.7265134442441771,2.5317632158663506e-11,2.2876858e7,45513.07879877857,410.8800001144409
0.7073709092474019,2.5367912442248908e-11,2.283602e7,45493.50706899784,420.2240002155304
0.6888810268489712,2.5416471182786933e-11,2.2788108e7,45474.74774931728,429.8880000114441
0.6712570168320995,2.546378301463906e-11,2.2743518e7,45456.757973426626,439.4320001602173
0.6545248504564012,2.550631245884068e-11,2.2699446e7,45439.59263996198,449.4390001296997
0.6385113222074422,2.555368920139841e-11,2.2654866e7,45423.1567737101,458.51700019836426
0.6231013474492384,2.5595838933383668e-11,2.2610482e7,45407.37918297286,467.8090000152588
0.6082946275107425,2.563670212021733e-11,2.2566386e7,45392.17279087366,477.257000207901
0.5940269225620233,2.5677101700681483e-11,2.2520706e7,45377.55935362206,486.9930000305176
0.5803493557477798,2.5715588428722285e-11,2.247644e7,45363.71606611544,496.3840000629425
0.5672774155851211,2.5753838241756437e-11,2.2429335e7,45350.48181296461,505.70700001716614
0.5547419915294746,2.5791895363049733e-11,2.2383233e7,45337.85572593377,515.3389999866486
0.5426593020459745,2.5828587556039152e-11,2.2340483e7,45325.732611378546,525.0030000209808
0.5310553478170384,2.5862341875355533e-11,2.2293723e7,45313.88941282787,534.0970001220703
0.519873892328488,2.589598798101125e-11,2.224872e7,45302.435623405094,542.9480001926422
0.5090980798993071,2.592724024477439e-11,2.2202626e7,45291.36792712639,552.0889999866486
0.4987199019849635,2.5958043812429857e-11,2.2157833e7,45280.63552899007,561.8740000724792
0.4887206268115286,2.598939888983603e-11,2.2111041e7,45270.20599227557,570.6040000915527
0.4790246848835239,2.6021180098655502e-11,2.2064903e7,45260.037152365796,580.0250000953674
0.4696230355215041,2.6049735553272883e-11,2.2018027e7,45250.23801734225,589.7000000476837
0.46055186597832726,2.6078738967975998e-11,2.1970121e7,45240.73839903364,599.3680000305176
0.4517865777215593,2.6105860071482314e-11,2.192354e7,45231.58931205195,608.2180001735687
0.44331191122879543,2.6134162617468843e-11,2.1877878e7,45222.77981835893,616.7540001869202
0.4350901660781094,2.6159424854363778e-11,2.1831117e7,45214.182125096806,625.4730000495911
0.42708993766562453,2.6183160089976476e-11,2.1784442e7,45205.80561331974,634.3840000629425
0.41934373576410644,2.6207761526520476e-11,2.1738359e7,45197.667532589214,643.5210001468658
0.4118372010301163,2.623340846270178e-11,2.1692054e7,45189.75927844321,653.1449999809265
0.4045394647977594,2.6257777308206757e-11,2.1641865e7,45182.01042591627,662.6110000610352
0.39743656042843534,2.6282327399326692e-11,2.1594834e7,45174.48996344518,671.3020000457764
0.39054745323339934,2.630692532124409e-11,2.1549296e7,45167.24922043321,680.7470002174377
0.38385303158497347,2.632887116251184e-11,2.1501905e7,45160.23305417351,690.4530000686646
0.37734902673286136,2.6348356203468665e-11,2.1451545e7,45153.463190559065,699.8110001087189
0.37103405693958447,2.6371874568982722e-11,2.1404414e7,45146.919842532436,709.3450000286102
0.3649047683822196,2.639122659768635e-11,2.1355489e7,45140.543413013525,719.0789999961853
0.3589597136005569,2.6410822418455423e-11,2.1308068e7,45134.35273331471,727.8980000019073
0.3532143346530188,2.643376044992146e-11,2.1260285e7,45128.35473614317,736.8550000190735
0.3476634532314655,2.6454860023639976e-11,2.1213464e7,45122.44036260496,746.3030002117157
0.34227721295402125,2.6472325403695883e-11,2.1165499e7,45116.67917680086,755.9680001735687
0.3370533514784874,2.6491276001619442e-11,2.111732e7,45111.05415933189,765.045000076294
0.331978519967578,2.6509839668840525e-11,2.1067607e7,45105.58000467071,774.3550000190735
0.3270114977196117,2.652608569120871e-11,2.1019141e7,45100.21235434489,783.9280002117157
0.32214641154025564,2.654483647935785e-11,2.0969187e7,45094.96794011713,793.2020001411438
0.31742733819942903,2.6563906065838267e-11,2.0920094e7,45089.861911006075,802.882000207901
0.31285914576487983,2.6581215449216653e-11,2.0872948e7,45084.84687410349,812.3440001010895
0.3083448154214432,2.659404441595122e-11,2.0825403e7,45079.95440297833,821.0429999828339
0.30388853809028926,2.661237437089552e-11,2.0775351e7,45075.16588186904,829.9650001525879
0.29959098704495846,2.663105380247524e-11,2.0726905e7,45070.53760358217,839.7720000743866
0.2953915329640007,2.6644506802804726e-11,2.0677602e7,45066.035351340695,849.1060001850128
0.29129704059011086,2.6662805245599823e-11,2.0628138e7,45061.635210403605,858.2330000400543
0.2872885551891446,2.6677838796260247e-11,2.0577784e7,45057.30774775827,866.6660001277924
0.28336477999997123,2.669202742989314e-11,2.0526964e7,45053.03141503903,875.2350001335144
0.2794856557294315,2.6705724654532946e-11,2.0476542e7,45048.851506035215,884.5090000629425
0.2757087055261829,2.6722042994466167e-11,2.0425976e7,45044.74872224505,893.2800002098083
0.27203162056185315,2.6735252124737278e-11,2.03758e7,45040.77684177407,902.0810000896454
0.26843470165213956,2.6749625770777404e-11,2.0325675e7,45036.90831861492,911.3970000743866
0.2649154662275139,2.6764834282356517e-11,2.0275836e7,45033.11937768948,920.2170000076294
0.2614346317195253,2.6777032926547392e-11,2.0227221e7,45029.33343966045,929.4350001811981
0.2580362702427979,2.6790515327202622e-11,2.0176465e7,45025.588990105076,938.2310001850128
0.2547166017329007,2.68036297367637e-11,2.0123512e7,45021.90547033264,947.2550001144409
0.2514684889920303,2.681706662396703e-11,2.0073489e7,45018.32601084613,956.4850001335144
0.24829082320084303,2.6829774053852907e-11,2.0022575e7,45014.809250601036,965.7900002002716
0.24515825531964752,2.6842461460390958e-11,1.9971691e7,45011.37281939228,975.5700001716614
0.24208784335132344,2.6855769625051503e-11,1.9921212e7,45008.03310274447,984.085000038147
0.2390723560094394,2.6868058240620772e-11,1.987115e7,45004.76452514334,993.8450000286102
0.23609490559389348,2.6878482926575098e-11,1.9820385e7,45001.57484267883,1003.1679999828339
0.23320027832342027,2.6889973493790014e-11,1.9768365e7,44998.46810959551,1011.9680001735687
0.230389090525722,2.6902906058286842e-11,1.9718147e7,44995.43297729223,1020.3990001678467
0.22764977700758404,2.69132711540849e-11,1.966693e7,44992.44595394521,1029.8580000400543
0.2249766371907505,2.692657749474317e-11,1.9612823e7,44989.504592112644,1039.614000082016
0.2223549002728077,2.6936043596863903e-11,1.9563105e7,44986.614961686486,1049.2400000095367
0.21978375249008397,2.694516236891756e-11,1.9513511e7,44983.777377144754,1058.8670001029968
0.21726294594185766,2.6959233122947657e-11,1.9462303e7,44980.96799567542,1068.0380001068115
0.2147876828522887,2.696885115245447e-11,1.9410665e7,44978.190776002804,1076.5150001049042
0.21234192802178997,2.6976405204359154e-11,1.9360055e7,44975.46435415774,1085.3920001983643
0.2099181227056506,2.698789666935473e-11,1.9308697e7,44972.78696743913,1094.2290000915527
0.2075190226338245,2.699875918684138e-11,1.9255941e7,44970.15772983929,1103.7929999828339
0.20515299130744427,2.7007027615870118e-11,1.9201636e7,44967.541025962244,1113.1520001888275
0.20282950583958895,2.7021543548978324e-11,1.9147391e7,44964.962505003874,1121.694000005722
0.20055682916170803,2.7027725564648887e-11,1.9095509e7,44962.44826030149,1130.7890000343323
0.19831566047306226,2.7040434016048722e-11,1.9043874e7,44959.9961826286,1140.2070000171661
0.19613798021793433,2.704823525941078e-11,1.8992152e7,44957.57999092321,1149.1900000572205
0.19401681083781652,2.705924778306312e-11,1.8939205e7,44955.21936119436,1158.569000005722
0.19194683536684942,2.7067019929025944e-11,1.8887372e7,44952.90847662747,1168.478000164032
0.18993390585511394,2.707818881768957e-11,1.8837533e7,44950.654986058005,1177.3340001106262
0.1879622717388436,2.708461618950631e-11,1.8785617e7,44948.44436222957,1186.031000137329
0.18600580046189105,2.7093848515979364e-11,1.873347e7,44946.26594637488,1194.555999994278
0.1840792798732591,2.7103801541786708e-11,1.8680258e7,44944.09873369595,1203.741000175476
0.18217988747872255,2.710994955498796e-11,1.862858e7,44941.97037739053,1212.451000213623
0.1803075683162626,2.7118659908667322e-11,1.8575804e7,44939.885949369425,1220.7980000972748
0.17849342215749026,2.7127005544263263e-11,1.8524251e7,44937.83452701564,1229.2699999809265
0.17669569536861882,2.7138888075847726e-11,1.8473474e7,44935.82260690345,1238.9680001735687
0.1749296610936502,2.7144258820492245e-11,1.8422624e7,44933.85631636524,1247.9300000667572
0.1731937068042361,2.7154278895459072e-11,1.8370709e7,44931.9228929705,1256.6610000133514
0.1715059172377441,2.7159889821437385e-11,1.8319951e7,44930.029785529114,1266.2940001487732
0.16984312360099252,2.7170251060738377e-11,1.8268903e7,44928.15247010941,1275.944000005722
0.16820259918504502,2.71794680983191e-11,1.821787e7,44926.30449339987,1284.6820001602173
0.16659277151211688,2.7183745169256922e-11,1.8168329e7,44924.48935580638,1293.882000207901
0.16499610954327112,2.7191825142779224e-11,1.8119128e7,44922.69712445706,1303.7750000953674
0.16341003329061388,2.7199812809420116e-11,1.8067909e7,44920.93594797142,1313.0329999923706
0.1618471319205092,2.720694875938544e-11,1.8017449e7,44919.21240673359,1321.826000213623
0.16029622288326495,2.7216654946465558e-11,1.7967354e7,44917.5086424745,1330.3780000209808
0.15877664878138978,2.7222113205958436e-11,1.7917626e7,44915.836495323165,1338.9500000476837
0.15729384276856187,2.722810898537387e-11,1.786874e7,44914.19847832095,1347.486999988556
0.15582549955296607,2.723912103184782e-11,1.781568e7,44912.5727614311,1356.0700001716614
0.15438811629812346,2.7244471736067353e-11,1.7764788e7,44910.9504223297,1366.1440000534058
0.1529837942032577,2.7250206589452383e-11,1.7714273e7,44909.36798899291,1374.7560000419617
0.15159742382133168,2.7257470135452804e-11,1.7663456e7,44907.81025373594,1383.473000049591
0.1502211749699228,2.7266515216846336e-11,1.761386e7,44906.26172264812,1391.893000125885
0.14885284680388422,2.726701993969828e-11,1.7563132e7,44904.72402186701,1400.340000152588
0.14750838120256007,2.727636574776379e-11,1.7510862e7,44903.215908947204,1409.444000005722
0.14618021452818994,2.7283451594847948e-11,1.7459926e7,44901.73943410181,1418.8900001049042
0.14488125954100353,2.7290107090376875e-11,1.7410015e7,44900.30772797809,1428.736999988556
0.14361999074955462,2.729513239457033e-11,1.7361517e7,44898.90689803552,1437.9340000152588
0.1423910496537101,2.7301357180795125e-11,1.7311536e7,44897.522230386574,1446.5860002040863
0.1411605344376569,2.7308876589514188e-11,1.726173e7,44896.15393602295,1455.0440001487732
0.13993632222568933,2.731848057590185e-11,1.721383e7,44894.792693722695,1463.8330001831055
0.13874050938167512,2.732093247676525e-11,1.7164469e7,44893.440453955984,1472.494000196457
0.13756255767316905,2.7324559490969993e-11,1.7117137e7,44892.1026305053,1480.9260001182556
0.13639903654773286,2.733439022712174e-11,1.7068741e7,44890.777054063656,1489.4580001831055
0.13524690200407374,2.7339382159491112e-11,1.7018866e7,44889.45875156668,1498.632000207901
0.1341132095124702,2.7344345871808377e-11,1.696968e7,44888.15284056966,1507.875
0.1329895994891441,2.7352691612623407e-11,1.6919438e7,44886.8608005584,1516.5220000743866
0.13187851357513403,2.7357434545830836e-11,1.6870809e7,44885.60115309604,1526.0300002098083
0.130786896501383,2.736124503241811e-11,1.6822143e7,44884.37139314839,1534.8760001659393
0.12972353614366874,2.7366258537094165e-11,1.6773899e7,44883.16055090655,1544.8010001182556
0.1286751154982849,2.7373379663694824e-11,1.6726159e7,44881.95757522248,1554.5
0.12763957956671396,2.7380487503163995e-11,1.6676075e7,44880.77975120342,1564.3810000419617
0.12661702541362935,2.7383852834527014e-11,1.6629503e7,44879.62212677413,1572.9240000247955
0.12561287161175297,2.7391502584884266e-11,1.6581775e7,44878.479693978625,1581.6420001983643
0.12462287330109917,2.739684406367226e-11,1.6533989e7,44877.356585286725,1590.6740000247955
0.12364374490753008,2.7401782035859645e-11,1.6486825e7,44876.25693669633,1599.4320001602173
0.12267004902386767,2.7403285246974117e-11,1.6437425e7,44875.16272707471,1608.7420001029968
0.12171304149782727,2.7410217841854284e-11,1.639042e7,44874.078834119224,1617.335000038147
0.12076460605641373,2.7415997801648652e-11,1.634377e7,44873.00836943605,1627.2430000305176
0.11982663401885643,2.7420518137083802e-11,1.629746e7,44871.95196241865,1636.7780001163483
0.11889459079826005,2.7424470055861215e-11,1.6251858e7,44870.90228547874,1645.5800001621246
0.1179783068310647,2.7431073792544888e-11,1.6204767e7,44869.867182759976,1655.007000207901
0.1170747786578207,2.7436443330612616e-11,1.6159107e7,44868.846823305874,1664.3590002059937
0.1161819758889669,2.7439399023785814e-11,1.611366e7,44867.846398884845,1673.2090001106262
0.11529929423806164,2.7447067515268714e-11,1.6065922e7,44866.854980201635,1681.6679999828339
0.11442892751531379,2.745024636593295e-11,1.6019035e7,44865.87046080682,1690.5360000133514
0.11356357024767634,2.745565016926193e-11,1.5973114e7,44864.88476427539,1700.2580001354218
0.11271202141057661,2.7461461741197635e-11,1.592803e7,44863.90952645833,1709.5970001220703
0.1118788412630639,2.7462823393508755e-11,1.5881934e7,44862.94977129293,1718.3490002155304
0.11105838016490281,2.7471111487875453e-11,1.583792e7,44862.00423177874,1727.3460001945496
0.11023912425960398,2.7473150062218744e-11,1.5792551e7,44861.06225017364,1737.1760001182556
0.10943069267908045,2.747816893279708e-11,1.5747004e7,44860.12934074142,1746.199000120163
0.10863039061346558,2.7484503554869947e-11,1.5701861e7,44859.20622837236,1754.991000175476
0.10783600402018936,2.7488624056546798e-11,1.5656819e7,44858.29305033782,1764.3610000610352
0.10704859654728843,2.7492341282579283e-11,1.5613435e7,44857.38409952258,1773.1760001182556
0.10627179653898416,2.7496921267770176e-11,1.556881e7,44856.49050446796,1781.8120000362396
0.10551194057654112,2.7500732900682164e-11,1.5525055e7,44855.60682161493,1791.2580001354218
0.1047577349970949,2.7506447753625245e-11,1.5480613e7,44854.73506058596,1800.3020000457764
0.10400559257039879,2.75112772240457e-11,1.5435953e7,44853.87544692219,1809.587000131607
0.10326238918367316,2.7514171223189328e-11,1.5392343e7,44853.030449049504,1818.603000164032
0.10253893404443133,2.751662005389643e-11,1.5348817e7,44852.20083652411,1828.201000213623
0.10182612450072548,2.751902070342912e-11,1.5305274e7,44851.38672284681,1837.6530001163483
0.10112237801135184,2.752837643643703e-11,1.526134e7,44850.579246438334,1846.6630001068115
0.10042657344924728,2.753100142965269e-11,1.521896e7,44849.77891260211,1855.866000175476
0.09973497943351595,2.7535563724922668e-11,1.5175736e7,44848.98075732562,1864.837000131607
0.0990569687401018,2.753911462073172e-11,1.5132105e7,44848.19340361851,1873.7860000133514
0.0983937369010479,2.754003096562725e-11,1.5091099e7,44847.41160402198,1882.6019999980927
0.09773229693159668,2.7547718814945492e-11,1.5049583e7,44846.64628732804,1892.4790000915527
0.09707436856000615,2.7550522321253225e-11,1.5008343e7,44845.891446953596,1901.4360001087189
0.09642969446645779,2.755474418369036e-11,1.496851e7,44845.14435029174,1910.460000038147
0.09578912847579324,2.7561464810788366e-11,1.4927586e7,44844.40670157473,1919.2599999904633
0.09515926582652823,2.756256334001214e-11,1.4887593e7,44843.67471309575,1928.781000137329
0.0945273705910958,2.756594768720602e-11,1.4847053e7,44842.94450408003,1938.4610002040863
0.0939053579834876,2.756897963028626e-11,1.4806212e7,44842.231244657996,1947.7820000648499
0.0932936608157857,2.7574539711034914e-11,1.4765942e7,44841.5292378842,1957.2060000896454
0.09268816469934867,2.7575615077407363e-11,1.4725888e7,44840.834412576995,1966.9990000724792
0.09209046477096457,2.7581596657292805e-11,1.4684607e7,44840.14427473961,1976.3120000362396
0.09150563698447099,2.7584146813086818e-11,1.4644284e7,44839.45719824739,1985.478000164032
0.09092968687020356,2.758868981910466e-11,1.4603818e7,44838.782862738146,1994.3300001621246
0.09035289573446097,2.7590930865234684e-11,1.4564396e7,44838.124530454734,2003.0659999847412
0.08978711927555548,2.7596018734580598e-11,1.4527355e7,44837.477345686566,2011.7450001239777
0.08923080950847985,2.7597543376723636e-11,1.4487959e7,44836.839908922746,2021.701000213623
0.08868788502198992,2.7603574523076186e-11,1.4449751e7,44836.207330890604,2030.5230000019073
0.0881516821095453,2.7605167101570775e-11,1.4413392e7,44835.57680991872,2039.2310001850128
0.087617143834198,2.7608679135863843e-11,1.4375364e7,44834.94273370697,2048.4000000953674
0.0870862162406634,2.7612661683858873e-11,1.4337994e7,44834.31372844136,2057.7590000629425
0.08655928960068549,2.7614921563054462e-11,1.4300119e7,44833.68641699114,2066.4830000400543
0.08603174968928544,2.761928572410858e-11,1.4261957e7,44833.06017962179,2075.0800001621246
0.08550462867390282,2.7621773994499863e-11,1.4224085e7,44832.4412467811,2084.5010001659393
0.084978422305292,2.762269293245858e-11,1.4186817e7,44831.82580050551,2094.0950000286102
0.08445214731843223,2.7625785351108352e-11,1.4147982e7,44831.218098267746,2103.643000125885
0.08393306690347069,2.7631034036345555e-11,1.4109906e7,44830.62072327835,2112.7850000858307
0.08342134886216623,2.7632577963592664e-11,1.4074691e7,44830.03035930667,2122.459000110626
0.08291189956973871,2.7636901191330632e-11,1.4038235e7,44829.43446621435,2132.1579999923706
0.08240650201923709,2.7641187279877447e-11,1.400152e7,44828.84340053284,2141.573000192642
0.08190565237603308,2.7646704817074543e-11,1.396495e7,44828.25592527734,2151.810000181198
0.08140798608861624,2.7646751895340568e-11,1.3930191e7,44827.676582954795,2161.0350000858307
0.08091349894589993,2.7651819614687942e-11,1.3894103e7,44827.10855050047,2169.78400015831
0.08042843363154913,2.76528273047866e-11,1.3858321e7,44826.5476868489,2178.675000190735
0.07995034580065516,2.7654407225155268e-11,1.3823878e7,44825.99293566486,2187.6240000724792
0.0794809823368125,2.76582985668206e-11,1.3788926e7,44825.44132254058,2196.172000169754
0.07901059897572622,2.766371360824492e-11,1.3753955e7,44824.89641246705,2204.9290001392365
0.07853854803173943,2.7664433654714125e-11,1.3720118e7,44824.361324394784,2213.7269999980927
0.07807437536568193,2.766801593362103e-11,1.3687406e7,44823.835204338626,2223.5950000286102
0.07761296889125291,2.767225514857012e-11,1.3653098e7,44823.30216838017,2232.7190001010895
0.0771505319153855,2.7675771819810365e-11,1.3619079e7,44822.77245002823,2241.3410000801086
0.07669353379889542,2.767798449600848e-11,1.3586961e7,44822.24803760547,2250.255000114441
0.07623951704510737,2.767784569755221e-11,1.3553857e7,44821.73294524629,2259.029000043869
0.07578428850217066,2.768363342180533e-11,1.352075e7,44821.22383029114,2267.904000043869
0.07533325814005079,2.768244810373173e-11,1.3487752e7,44820.72476065655,2277.087000131607
0.07489663083557514,2.768893831649068e-11,1.3454166e7,44820.2261815091,2286.9270000457764
0.07446145310304854,2.7691974076350376e-11,1.3421212e7,44819.733352733,2295.3289999961853
0.07402900892075998,2.7692878384602968e-11,1.3390573e7,44819.24405861694,2304.186000108719
0.07360375677047552,2.769720919388192e-11,1.335872e7,44818.76073224689,2313.1780002117157
0.07318243146174334,2.76986596190478e-11,1.3326649e7,44818.280647170126,2322.045000076294
0.07277090754805333,2.7702950374237023e-11,1.3295629e7,44817.8043799206,2330.992000102997
0.07236984593473442,2.7706814942811583e-11,1.3265615e7,44817.33589260016,2339.779000043869
0.07197399718978166,2.7709292063165045e-11,1.3234525e7,44816.87110597561,2349.4210000038147
0.07158246321796241,2.7709309991665156e-11,1.3204232e7,44816.41160537062,2358.082000017166
0.07119682489214635,2.7712545536323365e-11,1.3175781e7,44815.9609749907,2366.6710000038147
0.07081510652212777,2.7716403200156202e-11,1.3145797e7,44815.513566444846,2375.244000196457
0.0704343473700285,2.7718810148550717e-11,1.311625e7,44815.07123191295,2383.7850000858307
0.07005631913847386,2.7720608914986062e-11,1.3087309e7,44814.63125622152,2392.4970002174377
0.06967889290563158,2.7723098248726235e-11,1.3058244e7,44814.18970830503,2400.8920001983643
0.06930183591349494,2.772586592846813e-11,1.3029453e7,44813.75096740253,2409.340000152588
0.0689244927074672,2.7727679614028565e-11,1.2999951e7,44813.31438474936,2418.4580001831055
0.06855406992259054,2.7731312918045507e-11,1.2971099e7,44812.88355632988,2427.0090000629425
0.068188660427724,2.7733794166094148e-11,1.2942653e7,44812.45503125491,2436.6550002098083
0.06782366635763677,2.7737041666696766e-11,1.2914865e7,44812.03110411852,2445.4970002174377
0.06745670937501673,2.773905877219964e-11,1.2887224e7,44811.60905091127,2454.0960001945496
0.06709590917355297,2.773988057073149e-11,1.2859089e7,44811.19336206008,2462.8310000896454
0.0667389346201355,2.774299089570235e-11,1.2830081e7,44810.783156157864,2471.792999982834
0.06638929838671043,2.7747532848874123e-11,1.2802327e7,44810.36953575036,2481.138000011444
0.06603845757181122,2.7748188885368993e-11,1.277549e7,44809.95952167241,2489.6130001544952
0.0656884587178699,2.775001023126318e-11,1.2747171e7,44809.55039760925,2498.4960000514984
0.06534264374893571,2.7751802300211488e-11,1.2719405e7,44809.14157829372,2508.021000146866
0.0650039124535849,2.775617045167758e-11,1.2692983e7,44808.73878098188,2517.4430000782013
0.06467269567377817,2.7758513557359173e-11,1.2666475e7,44808.34628485917,2526.4800000190735
0.06434342178955317,2.7760080999873355e-11,1.2640637e7,44807.96084969913,2535.098000049591
0.06401907339955644,2.776320661657434e-11,1.2614642e7,44807.5773593991,2544.202000141144
0.06369715225999514,2.7764343561631763e-11,1.2589312e7,44807.1984049903,2554.0140001773834
0.06337752949344226,2.776823588256976e-11,1.2562533e7,44806.818400804805,2562.5920000076294
0.06305976958223572,2.776816826836693e-11,1.2537068e7,44806.445579320876,2572.422000169754
0.06274345510946297,2.7770925779872828e-11,1.25127e7,44806.07860821221,2581.560000181198
0.06243373551905862,2.7773381737354503e-11,1.2488259e7,44805.71601134802,2590.2340002059937
0.062126400774715776,2.777521049980978e-11,1.2465462e7,44805.35480906076,2598.976000070572
0.06182218052566853,2.77769201684515e-11,1.2440804e7,44805.0036150144,2608.1520001888275
0.061521804615968546,2.7777098268275936e-11,1.2416695e7,44804.65403763158,2617.925000190735
0.06122481400843357,2.7782474295208563e-11,1.2393165e7,44804.308403890835,2627.7000000476837
0.060926190930771874,2.7784121198618654e-11,1.2370509e7,44803.96186894493,2637.3760001659393
0.06063308377945888,2.7786967858080237e-11,1.2347227e7,44803.61144085544,2646.8310000896454
0.06033756306776773,2.779030841958333e-11,1.2324198e7,44803.25688605672,2655.7730000019073
0.060042503618697236,2.77918372037469e-11,1.2302035e7,44802.90689434935,2664.184000015259
0.05975442355488153,2.7793263853416082e-11,1.227929e7,44802.55835433113,2672.9270000457764
0.05946852023337226,2.7793040432405572e-11,1.2257061e7,44802.21228396227,2683.271000146866
0.05918575566973232,2.779447986590946e-11,1.223488e7,44801.87105361498,2692.473000049591
0.05890358802501356,2.7798598009745915e-11,1.2212985e7,44801.53227850385,2701.184000015259
0.058626825232406726,2.7801196624356507e-11,1.2191422e7,44801.19767739291,2709.6260001659393
0.058354802249003045,2.7804343568914168e-11,1.2168769e7,44800.866246459365,2718.007000207901
0.0580805958334456,2.7806973285961698e-11,1.2146944e7,44800.53792849337,2727.5120000839233
0.057808432658036,2.7808104556157295e-11,1.2125862e7,44800.21611010807,2737.2400000095367
0.057539718968504384,2.7809320202582643e-11,1.210395e7,44799.89470842055,2746.7269999980927
0.0572752736559746,2.7810620919095964e-11,1.2083648e7,44799.579452027974,2756.4500000476837
0.05700460328057292,2.7812375429804755e-11,1.2063013e7,44799.262743578816,2765.5910000801086
0.056736813467320506,2.7814745291863452e-11,1.2042164e7,44798.94968609955,2775.3970000743866
0.05647203808162442,2.7817916835486097e-11,1.2021517e7,44798.63888131646,2784.9880001544952
0.05620572603455867,2.7817397336439284e-11,1.2001244e7,44798.332976561716,2794.0889999866486
0.05593564689722847,2.7819777809512175e-11,1.1981514e7,44798.02740959889,2802.8300001621246
0.05566702807071287,2.7823122202808514e-11,1.1961888e7,44797.72596530651,2812.821000099182
0.05540588557122354,2.7825005436886227e-11,1.1942554e7,44797.4266370611,2822.449000120163
0.05514651666060212,2.7827853040838802e-11,1.1922623e7,44797.13020252081,2831.5360000133514
0.05488816212484208,2.782996262660044e-11,1.1903188e7,44796.836391389705,2840.4720001220703
0.05463092160318153,2.78291122459955e-11,1.1883542e7,44796.54334883613,2849.0540001392365
0.054374034076806,2.783206270566691e-11,1.186429e7,44796.25399880817,2857.798000097275
0.054120552836288006,2.783480700728243e-11,1.1844896e7,44795.963851720655,2866.5250000953674
0.05386992414676551,2.783642893565217e-11,1.1827189e7,44795.671503684076,2876.4260001182556
0.05362171460217177,2.783821346215809e-11,1.1808154e7,44795.381814395834,2885.3710000514984
0.05337891593040304,2.7837155800440216e-11,1.1790575e7,44795.09321834595,2893.8860001564026
0.053138188267755,2.7841628698294232e-11,1.1772679e7,44794.80490879286,2902.587000131607
0.0529010065389522,2.784308802616786e-11,1.1754735e7,44794.51865893867,2911.3280000686646
0.05266270732894865,2.78477505151062e-11,1.1736818e7,44794.23447114375,2920.9320001602173
0.052424920882121244,2.784736947851011e-11,1.1718614e7,44793.95186918059,2930.7220001220703
0.052187016807094186,2.784873775762099e-11,1.1701264e7,44793.673217891046,2940.569000005722
0.05195147080475244,2.785297302354006e-11,1.1683033e7,44793.39468135917,2950.348000049591
0.051721774821835285,2.7852632702805387e-11,1.1666081e7,44793.12082529934,2959.837000131607
0.05149113561233899,2.785637589754661e-11,1.164892e7,44792.85004251408,2969.5540001392365
0.051265660509173895,2.7858313254167716e-11,1.1632451e7,44792.58174732987,2978.577000141144
0.05104300282626729,2.7859075983942264e-11,1.1614602e7,44792.3144839064,2987.1090002059937
0.05082550188982859,2.7859459019406655e-11,1.1599546e7,44792.0528278351,2995.697000026703
0.05061162937334424,2.786225515461753e-11,1.1583766e7,44791.794922659916,3005.005000114441
0.050396496646085094,2.7861542869748467e-11,1.1568158e7,44791.53910559356,3014.6950001716614
0.05018382506424022,2.7863948479851114e-11,1.1552381e7,44791.285363719064,3024.433000087738
0.049972105761858295,2.7866134934773317e-11,1.1537416e7,44791.034131603956,3032.9140000343323
0.04975811173156267,2.786926552689715e-11,1.1521972e7,44790.788060237974,3041.5360000133514
0.049549567245200106,2.7870593322984493e-11,1.1506356e7,44790.543774003636,3050.739000082016
0.04934745580426249,2.787300416481207e-11,1.1490761e7,44790.30142228213,3060.2039999961853
0.04914406415375513,2.787454301682606e-11,1.1476218e7,44790.05987345629,3069.9560000896454
0.04894150572927373,2.787521663093934e-11,1.146217e7,44789.82071718424,3079.0460000038147
0.04873852436526237,2.7877396857319517e-11,1.1448218e7,44789.58034737739,3088.0950000286102
0.04853595857066316,2.7878520133393682e-11,1.1432961e7,44789.34006589366,3096.715000152588
0.048335432112889105,2.7879762524527602e-11,1.1419197e7,44789.10424724912,3105.0750000476837
0.04813729953832009,2.7882646942077787e-11,1.1404877e7,44788.87060568095,3113.62900018692
0.04793795866681302,2.7881983423733944e-11,1.1391543e7,44788.63670975586,3122.5680000782013
0.04773914248259613,2.7884069003369848e-11,1.137749e7,44788.40207315863,3131.8570001125336
0.0475424672910897,2.788782641561036e-11,1.136377e7,44788.17042506838,3141.654000043869
0.04734519604378841,2.7887297056075954e-11,1.1349972e7,44787.94005626802,3150.100000143051
0.0471476174600951,2.7890161889644716e-11,1.1335845e7,44787.70827593378,3158.792000055313
0.04695072119330097,2.789153379569969e-11,1.1322506e7,44787.48095478267,3167.253000020981
0.046756704472460164,2.789324700215816e-11,1.1309512e7,44787.25475974719,3176.044000148773
0.046564435084208086,2.7895668998714745e-11,1.1295901e7,44787.02924224445,3184.978000164032
0.04637267650156589,2.789756633114796e-11,1.1283311e7,44786.80448568054,3193.3940000534058
0.04618293684248141,2.789739894724145e-11,1.1270795e7,44786.58429256568,3202.8140001296997
0.045995049827014835,2.7897905617476838e-11,1.1258125e7,44786.365100551884,3211.6470000743866
0.04580904429797081,2.7901341653371555e-11,1.1245923e7,44786.14630913962,3220.78200006485
0.04562530736313643,2.7900120948726412e-11,1.1232125e7,44785.92895002432,3230.3830001354218
0.04543841750711359,2.7904232384700463e-11,1.1219828e7,44785.71223432993,3240.073000192642
0.04525005061360392,2.790431643067177e-11,1.1207388e7,44785.49750420936,3249.5410001277924
0.045065035037008726,2.7905106684727906e-11,1.1195384e7,44785.282597558355,3258.962000131607
0.044880599099086906,2.7908039856810638e-11,1.1183342e7,44785.06792247286,3268.9240000247955
0.04470229968986615,2.791110501802464e-11,1.1171542e7,44784.85482652564,3278.1740000247955
0.04452669520710296,2.7912713024937252e-11,1.115967e7,44784.64079051455,3287.4400000572205
0.04434987834567395,2.791188292072301e-11,1.1148458e7,44784.427475636185,3296.5860002040863
0.044173020878824965,2.7915674977133083e-11,1.1136215e7,44784.21537968018,3305.323000192642
0.04399550370651292,2.791726712290457e-11,1.1124883e7,44784.00796825347,3315.088000059128
0.0438213348143973,2.7916089422418088e-11,1.1113679e7,44783.80369183299,3324.0350000858307
0.04364602366950677,2.7920023769444817e-11,1.1102243e7,44783.600483161856,3333.994000196457
0.04347252806954183,2.7922095080410893e-11,1.1091203e7,44783.399822469815,3343.375
0.043301247463937605,2.7921652816173155e-11,1.1080709e7,44783.201680984406,3352.435000181198
0.04313274556588817,2.7925173436872655e-11,1.1070051e7,44783.004560852474,3362.007000207901
0.04296408856904701,2.792495268361353e-11,1.105975e7,44782.8096460633,3370.853000164032
0.04279730847677544,2.7926614304650637e-11,1.1049116e7,44782.61582508978,3379.9900000095367
0.042632527584115835,2.7928435631471068e-11,1.1038661e7,44782.42515306497,3388.6930000782013
0.04246857395205385,2.792779878566814e-11,1.1028148e7,44782.234984877716,3398.223000049591
0.042306528950049535,2.7930807185121097e-11,1.1017472e7,44782.04610681323,3406.7240002155304
0.04214485935268113,2.793151637883107e-11,1.100793e7,44781.85681875958,3416.1080000400543
0.04198378202408623,2.7934632890475732e-11,1.0997739e7,44781.66726918284,3425.5570001602173
0.0418260906187265,2.7935309701542824e-11,1.0988318e7,44781.47785617869,3434.4840002059937
0.04166940395510488,2.793374607739918e-11,1.0979258e7,44781.290347985894,3442.9950001239777
0.04151364303381178,2.7936803806995937e-11,1.0970158e7,44781.102110446736,3451.805000066757
0.04135734502307525,2.793846494486537e-11,1.0960577e7,44780.91499755334,3461.7480001449585
0.04120043980459271,2.79390416047493e-11,1.0951302e7,44780.72947641024,3471.494000196457
0.041043948716264066,2.7942444305426604e-11,1.0942125e7,44780.54491334199,3481.1310000419617
0.04088967207809127,2.7940809848635934e-11,1.0932923e7,44780.35980474568,3490.6180000305176
0.04073569003307954,2.7943347870219798e-11,1.0923884e7,44780.17697702302,3499.8980000019073
0.04058243500209606,2.794615881622577e-11,1.0915202e7,44779.99512416103,3508.577000141144
0.04042918659432201,2.794659199248112e-11,1.0906125e7,44779.813017945795,3517.603000164032
0.040277993932876954,2.794865681722496e-11,1.0897219e7,44779.63301029072,3526.8590002059937
0.0401266836455007,2.7949531200714896e-11,1.0888813e7,44779.45284897815,3536.6470000743866
0.039979900433926296,2.7952315303799984e-11,1.0881016e7,44779.27423481925,3545.7470002174377
0.03983179562030152,2.7953640881911388e-11,1.0872576e7,44779.09610604986,3554.438000202179
0.039683013257605024,2.7952625822327432e-11,1.0864134e7,44778.9184361101,3562.8630001544952
0.03953630675100622,2.7954389335519493e-11,1.0856063e7,44778.741542604344,3571.3920001983643
0.03938977154205859,2.7956414124493975e-11,1.0847535e7,44778.56755632575,3579.893000125885
0.03924440707423236,2.795806835735116e-11,1.0839631e7,44778.39608001064,3588.3700001239777
0.03910206025216888,2.7958484650442024e-11,1.0831298e7,44778.227719499504,3598.180999994278
0.03896087621773126,2.795924624051114e-11,1.0823326e7,44778.06152520699,3607.6360001564026
0.03882151380212329,2.79619840361467e-11,1.0815481e7,44777.89575017406,3617.00200009346
0.0386827242416337,2.796230735362913e-11,1.0807656e7,44777.73076876565,3626.201000213623
0.03854483919507513,2.796137075978783e-11,1.0800504e7,44777.56467932063,3634.5930001735687
0.03840746076014882,2.7963489579513975e-11,1.079333e7,44777.39658377293,3643.1340000629425
0.038272705997456774,2.7966169548201543e-11,1.0785851e7,44777.23119864813,3652.9320001602173
0.038139100065443514,2.796860191882045e-11,1.0778669e7,44777.0690661473,3662.2460000514984
0.03800530907607756,2.796950297632939e-11,1.0770702e7,44776.9092833924,3670.7780001163483
0.03786962778611154,2.7968170400929743e-11,1.0763294e7,44776.750465024845,3679.231000185013
0.03773698760101803,2.7969349406840245e-11,1.0756263e7,44776.59413092133,3687.7220001220703
0.037604685585993954,2.797086815267898e-11,1.0748972e7,44776.43625323598,3696.196000099182
0.03747563020946287,2.7973665736378668e-11,1.0741751e7,44776.27913953852,3705.042999982834
0.03734547308458826,2.7974172187380312e-11,1.0734354e7,44776.12204006029,3714.53200006485
0.037215855458341066,2.797754068471037e-11,1.072748e7,44775.965600796364,3723.891000032425
0.037084739592625565,2.7977211503412362e-11,1.0721377e7,44775.809294308674,3733.433000087738
0.03695485658502572,2.7976568273820315e-11,1.0715013e7,44775.65372023624,3742.675000190735
0.036823625926144625,2.797910854320433e-11,1.0708917e7,44775.49904092059,3751.9120001792908
0.03669392018612107,2.7982521818706943e-11,1.0703045e7,44775.34537548604,3761.069000005722
0.03656668249763975,2.7981120499369026e-11,1.0696507e7,44775.19347026885,3769.9670000076294
0.03643960105282704,2.798343926047669e-11,1.0690509e7,44775.04478624922,3778.298000097275
0.03631208079656792,2.7981685858048476e-11,1.068445e7,44774.89675436279,3787.143000125885
0.03618638512468121,2.7986428733633068e-11,1.0678501e7,44774.75047724556,3796.8250000476837
0.03606230525187593,2.7984143393039715e-11,1.0672418e7,44774.60419198559,3805.430999994278
0.03593669903328762,2.798439064391558e-11,1.066637e7,44774.45659763918,3813.8070001602173
0.03581232665504107,2.7988288107543392e-11,1.0660368e7,44774.310524387394,3822.1370000839233
0.035688331965894035,2.7988711436720503e-11,1.0654846e7,44774.16541434567,3831.882000207901
0.03556473450248842,2.7990592944437485e-11,1.0648773e7,44774.02126040125,3841.1780002117157
0.03544052561723434,2.799191507015796e-11,1.0643191e7,44773.87667673536,3849.893000125885
0.035316786112621526,2.7991879989468696e-11,1.0637445e7,44773.73423364516,3859.292000055313
0.03519341313605964,2.799087396769979e-11,1.0631694e7,44773.59330483579,3868.4530000686646
0.035071077293804806,2.7996580675982388e-11,1.0625916e7,44773.45213022485,3877.8180000782013
0.03495043405686652,2.7998459917694175e-11,1.0620517e7,44773.31060144534,3886.9120001792908
0.03483244666839028,2.7994609445524916e-11,1.061564e7,44773.169965114525,3895.505000114441
0.034714058698380165,2.799902544459397e-11,1.0610411e7,44773.029436626326,3903.878000020981
0.03459650611872416,2.79978556122856e-11,1.0605294e7,44772.8895244874,3913.640000104904
0.03448089528719896,2.799942813090505e-11,1.0599662e7,44772.75192013003,3923.5360000133514
0.03436592219704613,2.800281846397351e-11,1.059401e7,44772.6163365002,3932.1090002059937
0.034252901837693604,2.8002845184718298e-11,1.0589186e7,44772.481786727425,3940.7870001792908
0.03413953333506332,2.8003427838615688e-11,1.0583853e7,44772.347256156245,3949.2470002174377
0.034025462958349406,2.8003475653682267e-11,1.0579097e7,44772.21206533753,3957.7240002155304
0.0339119656054386,2.800527832336062e-11,1.0574276e7,44772.07660124594,3966.561000108719
0.03379871177297849,2.8005557255634636e-11,1.0569517e7,44771.94159030446,3975.305999994278
0.03368598033706606,2.8008383612467072e-11,1.0564625e7,44771.806252886694,3984.866000175476
0.03357491246347777,2.8010437519782243e-11,1.0559692e7,44771.671222823024,3994.185000181198
0.03346394710117195,2.8011895609677646e-11,1.0555392e7,44771.53786670888,4003.396000146866
0.03335182646622805,2.8009948359535153e-11,1.0550522e7,44771.40479593241,4012.2620000839233
0.033238702389128336,2.8013120165498497e-11,1.054591e7,44771.273155186565,4020.688000202179
0.03312723680311551,2.80139886323867e-11,1.0541808e7,44771.142551356366,4029.9450001716614
0.03301851375162487,2.8015824957949157e-11,1.0537287e7,44771.01223242834,4039.3280000686646
0.032909194934763575,2.801642955825983e-11,1.053279e7,44770.88168832617,4049.310000181198
0.03280096084599517,2.8017878542162715e-11,1.0527985e7,44770.7546456086,4059.138000011444
0.032694095092639014,2.801584622155832e-11,1.0524215e7,44770.62863335793,4068.1900000572205
0.032587769376958814,2.8018529423205914e-11,1.0520098e7,44770.50323018504,4077.822000026703
0.03248295733955647,2.8020731185645747e-11,1.0515889e7,44770.37991975347,4086.6080000400543
0.03237958483404373,2.8020713701833952e-11,1.0512148e7,44770.25670479108,4096.226000070572
0.032278074138810765,2.802342584406106e-11,1.0507757e7,44770.13518512563,4105.611000061035
0.03217754981246643,2.802445153349556e-11,1.0503934e7,44770.01544536953,4115.5270001888275
0.03207640292998468,2.8023326094211275e-11,1.0500109e7,44769.896474123656,4125.091000080109
0.03197795388259018,2.8023239940150775e-11,1.0496442e7,44769.77892223293,4133.565999984741
0.03188076965236788,2.8025204003113352e-11,1.049228e7,44769.66153051211,4142.6900000572205
0.03178518676780365,2.8026359931428115e-11,1.0488953e7,44769.54536134495,4151.266000032425
0.03168909309953074,2.8028977692017068e-11,1.0485124e7,44769.428606487476,4161.021000146866
0.03159188120335802,2.8028833295558516e-11,1.0481339e7,44769.310803708824,4170.196000099182
0.03149209467654976,2.8028694750960092e-11,1.0478065e7,44769.195091678004,4180.035000085831
0.03139417965918174,2.8030547475193876e-11,1.0474487e7,44769.07983744345,4189.536000013351
0.03129560584811718,2.803061844705223e-11,1.0471181e7,44768.96537927212,4199.160000085831
0.031197109595944374,2.8031592022370102e-11,1.0467568e7,44768.85067639557,4207.604000091553
0.031098929811597672,2.8032112325907853e-11,1.0464174e7,44768.73645839118,4216.341000080109
0.03100151372630948,2.803327199719498e-11,1.0460652e7,44768.62117105906,4224.796000003815
0.030905011940158357,2.8034444621306385e-11,1.0457607e7,44768.50613439639,4233.217000007629
0.030809173243275,2.803824853369405e-11,1.0454086e7,44768.39160920403,4241.693000078201
0.030712100172432904,2.803781104404945e-11,1.0450716e7,44768.27542021794,4251.513000011444
0.030615354496168954,2.8037094953760656e-11,1.0446921e7,44768.16052687435,4260.848000049591
0.030519347584991793,2.803755317943749e-11,1.0443756e7,44768.046011638035,4270.259999990463
0.030424755206875025,2.8039671329519086e-11,1.0440981e7,44767.931970885955,4279.279000043869
0.03033108629463405,2.804239850731809e-11,1.0437646e7,44767.81837878201,4287.864000082016
0.030236826280829708,2.8040465746345968e-11,1.0434584e7,44767.705620289285,4296.3330001831055
0.03014190212693621,2.8041135530114612e-11,1.0431776e7,44767.593454035516,4304.822000026703
0.030048730484679455,2.8044811507714716e-11,1.0428969e7,44767.48086962099,4314.47200012207
0.02995539959666648,2.8044424781882967e-11,1.042596e7,44767.36988536075,4324.234000205994
0.029862003433411038,2.8045529141480526e-11,1.042291e7,44767.2603263329,4333.930999994278
0.029768632248804154,2.804665470983989e-11,1.0419908e7,44767.15105376474,4343.422000169754
0.029676315573355243,2.804651170366783e-11,1.0417081e7,44767.04145247133,4352.865000009537
0.029585822672573134,2.8047903895040908e-11,1.0414631e7,44766.93138211578,4361.319000005722
0.02949482965433069,2.8048082916295278e-11,1.0411712e7,44766.82183662742,4370.800000190735
0.029404919563795137,2.8049804777686803e-11,1.0408917e7,44766.71345255583,4380.416000127792
0.0293161389499499,2.804925198569456e-11,1.0406469e7,44766.60623144981,4389.634999990463
0.029228218278558257,2.8052178475572235e-11,1.0403982e7,44766.49937926992,4399.147000074387
0.02914070087112579,2.8051496181491408e-11,1.0401742e7,44766.39401517229,4408.761000156403
0.029055477244467234,2.8051175819240376e-11,1.0399029e7,44766.29016867752,4418.399000167847
0.028970322952098948,2.8054460651240303e-11,1.0396436e7,44766.18541316763,4427.195000171661
0.028885186814614744,2.8055468998580083e-11,1.0393726e7,44766.08161299986,4436.261000156403
0.028800764203523208,2.805695963310923e-11,1.0391163e7,44765.978929048804,4445.563000202179
0.0287170456804421,2.8056749401552982e-11,1.0388365e7,44765.8768305773,4455.682000160217
0.028633336665481412,2.8056766591224275e-11,1.0385975e7,44765.776086709746,4464.531000137329
0.028548588251019677,2.8056683490008013e-11,1.0383737e7,44765.67741936436,4474.544000148773
0.02846509630644671,2.805942675365509e-11,1.03814e7,44765.57934869219,4483.2480001449585
0.028383082069228738,2.8060495468287782e-11,1.0379214e7,44765.48040812615,4491.805999994278
0.028301907965125085,2.8062109195333536e-11,1.0377064e7,44765.38276718271,4500.232000112534
0.02822157873603216,2.8061712991673785e-11,1.0374476e7,44765.28599670637,4509.5490000247955
0.028139790895320597,2.8064419255282238e-11,1.0372359e7,44765.189268517395,4518.370000123978
0.028057276159310956,2.806460585877427e-11,1.0370306e7,44765.09475527136,4526.838999986649
0.027976126750478048,2.80639226011675e-11,1.036827e7,44765.000587267896,4535.363000154495
0.027895938986532035,2.8064160849248636e-11,1.036621e7,44764.90621288569,4543.916000127792
0.027815171840103663,2.8065944666011673e-11,1.0364407e7,44764.81223166386,4552.530000209808
0.027734030109994694,2.8065942712997224e-11,1.0362522e7,44764.71859118342,4560.946000099182
0.027653156243401093,2.8067506568982415e-11,1.036042e7,44764.62524930886,4569.4130001068115
0.027573093989984865,2.806916746094668e-11,1.0358493e7,44764.53218456955,4578.703000068665
0.027493773203702002,2.8068475581353054e-11,1.03567e7,44764.439277975274,4587.4690001010895
0.02741561005251935,2.807006473613922e-11,1.0354872e7,44764.346299815035,4596.031000137329
0.02733850061782238,2.8071901095794115e-11,1.0353067e7,44764.25310961638,4604.4980001449585
0.027261356179590596,2.8069644747248216e-11,1.0351014e7,44764.15986422089,4613.053000211716
0.027182748200612783,2.8074402147695814e-11,1.0349253e7,44764.067122426364,4621.59900021553
0.027106113942587287,2.8072924791395623e-11,1.0347324e7,44763.97556177851,4630.322000026703
0.027030096815959116,2.807235216056986e-11,1.0345379e7,44763.884698823334,4640.588999986649
0.026954291884736716,2.8076326172136657e-11,1.0343612e7,44763.79331169206,4650.240000009537
0.02687893748121776,2.8074798008172377e-11,1.0341703e7,44763.70314257948,4659.872000217438
0.026803464419718218,2.8076058420155226e-11,1.0340193e7,44763.61169131786,4668.401000022888
0.026728269808343877,2.8078640184533298e-11,1.0338403e7,44763.52017056276,4678.201000213623
0.026653707899913188,2.8076101019532826e-11,1.0336721e7,44763.42969184871,4687.59500002861
0.02658044363654498,2.8079033849382042e-11,1.033489e7,44763.33924003083,4696.703000068665
0.02650496977103605,2.8079956719806965e-11,1.0333155e7,44763.249452056916,4706.560000181198
0.026429561121987306,2.807904371076807e-11,1.0331771e7,44763.160852565794,4716.140000104904
0.026355644197122642,2.8079910753261108e-11,1.032996e7,44763.07332220757,4724.864000082016
0.026282557466897078,2.8082635227029378e-11,1.0328287e7,44762.986092769046,4734.218000173569
0.026209019109273327,2.808218505136491e-11,1.0327e7,44762.898192444554,4743.348000049591
0.026135415376428703,2.8083639302521562e-11,1.0325386e7,44762.81050564151,4752.667999982834
0.02606144057882081,2.8083707009681043e-11,1.0323929e7,44762.723623427686,4762.179000139236
0.02598811414529925,2.8086639868691113e-11,1.032222e7,44762.63692994343,4771.81200003624
0.025915279735699345,2.8086706418573415e-11,1.032094e7,44762.550390209304,4781.592000007629
0.025843051545982484,2.8085299396400602e-11,1.0319524e7,44762.46372644365,4790.709000110626
0.025771389987900087,2.8086374249102883e-11,1.0318221e7,44762.37598638907,4800.419000148773
0.02570092748928146,2.808835583367932e-11,1.0316685e7,44762.2892383558,4809.226999998093
0.025631217975876364,2.8088795173763465e-11,1.0315283e7,44762.20263525112,4818.134999990463
0.025562169400138002,2.8089552574836067e-11,1.0314141e7,44762.116875342275,4827.391000032425
0.025492805814197692,2.8089081181772018e-11,1.0312803e7,44762.03184345282,4836.694000005722
0.02542264805157894,2.809046016117004e-11,1.0311462e7,44761.948057078895,4845.555999994278
0.025353763218996034,2.8093600342717756e-11,1.0310265e7,44761.865965028475,4854.200000047684
0.02528475622008393,2.8091863267901725e-11,1.0309145e7,44761.78458494709,4862.59600019455
0.025216639453769653,2.809259380793067e-11,1.0307964e7,44761.70339576335,4870.764000177383
0.02514901535357515,2.8092393656166154e-11,1.0306718e7,44761.62290936037,4879.479000091553
0.025083188246930826,2.8093722583833094e-11,1.0305629e7,44761.5424118709,4888.194000005722
0.02501793377267228,2.8095095882122273e-11,1.0304515e7,44761.46172271242,4896.702000141144
0.024952876479689624,2.8094250019567808e-11,1.0303411e7,44761.380521245854,4905.959000110626
0.024886751384735586,2.8095906227983618e-11,1.0301996e7,44761.299664081474,4915.108000040054
0.024822240495806662,2.8096358897809422e-11,1.0300945e7,44761.22001108483,4923.703999996185
0.024758883308759312,2.809889491606423e-11,1.0299627e7,44761.1403890897,4932.354000091553
0.024694512289783362,2.8098464913533623e-11,1.0298365e7,44761.06104211508,4940.984000205994
0.024629720095258052,2.8100516370376678e-11,1.0297399e7,44760.98217971141,4949.968000173569
0.024565714473057502,2.810037147931355e-11,1.029638e7,44760.9035962042,4959.3170001506805
0.024501323783845043,2.8100783994304705e-11,1.0295644e7,44760.82524241965,4968.753000020981
0.024436034452361043,2.8102254319566448e-11,1.0294755e7,44760.74669961509,4978.180999994278
0.024371073375179287,2.8103097291700987e-11,1.0293775e7,44760.66784100166,4986.894000053406
0.024306151533672132,2.8103146752073852e-11,1.0292988e7,44760.58944100108,4995.340000152588
0.024239956298762577,2.8104283813865896e-11,1.0291992e7,44760.512510487046,5003.854000091553
0.02417496465286095,2.8104397403792885e-11,1.0291111e7,44760.43731803398,5012.2080001831055
0.024111972232509195,2.8104251809883022e-11,1.0290152e7,44760.363606600324,5021.697000026703
0.02404917921096694,2.8105192620779905e-11,1.028931e7,44760.28868609398,5031.532999992371
0.023986069740087695,2.810570379045368e-11,1.0288392e7,44760.2143896734,5041.110000133514
0.02392268104703212,2.810836689814358e-11,1.0287524e7,44760.13978554409,5049.5199999809265
0.02386021630175831,2.810876612265669e-11,1.0286865e7,44760.065405778914,5057.93700003624
0.023798559814684428,2.8108240795055896e-11,1.0286201e7,44759.99092449948,5067.957000017166
0.023735724200711173,2.8110450637620063e-11,1.0285358e7,44759.91635541953,5077.444000005722
0.02367360548086166,2.8109722640178003e-11,1.0284485e7,44759.84216010489,5086.114000082016
0.023611508211970205,2.811276974939525e-11,1.0283614e7,44759.768548864486,5094.648000001907
0.023549525585675683,2.811352490720118e-11,1.028272e7,44759.69442442563,5103.810000181198
0.02348622191100165,2.811271030767736e-11,1.0282276e7,44759.62048252292,5112.5650000572205
0.023425579698373892,2.8112453577177126e-11,1.0281503e7,44759.54763287762,5122.031000137329
0.023365124874248726,2.8113582472931103e-11,1.0280574e7,44759.47428145917,5131.328000068665
0.02330367811266618,2.8112726048914505e-11,1.0279731e7,44759.403128984435,5140.109000205994
0.023242346542454287,2.811497855720648e-11,1.0278925e7,44759.332806129,5148.8330001831055
0.02318186102338626,2.8116268643976414e-11,1.0278107e7,44759.26199539165,5157.350000143051
0.023121207999612283,2.811570716352664e-11,1.027766e7,44759.19174661577,5166.986000061035
0.02306141972974024,2.811873404527022e-11,1.0277058e7,44759.12109216383,5175.59600019455
0.02300144759096845,2.8117516467636003e-11,1.0276299e7,44759.05016121157,5184.235000133514
0.022942074962239767,2.811930211710157e-11,1.0275774e7,44758.97919278521,5192.667999982834
0.022882585443142405,2.8117717316877256e-11,1.027516e7,44758.907802354006,5201.37700009346
0.022823626906844276,2.8119533007120074e-11,1.0274741e7,44758.83660603612,5210.9390001297
0.022765167241749085,2.812123392736824e-11,1.0274182e7,44758.76643678599,5220.8170001506805
0.022706628161022657,2.812046637990075e-11,1.0273529e7,44758.69637727351,5230.371000051498
0.02264816634320865,2.812320678900431e-11,1.0272997e7,44758.624902649244,5239.7770001888275
0.022589069088302022,2.8121034033799787e-11,1.0272406e7,44758.55367896719,5248.417999982834
0.022531385013793002,2.812448278672091e-11,1.0271626e7,44758.48314387598,5257.019000053406
0.022473015816472933,2.812305619550284e-11,1.0271208e7,44758.41274085019,5265.928000211716
0.022415809111188904,2.8123315299987634e-11,1.0270706e7,44758.342189805764,5275.685000181198
0.02235886271857979,2.8125214158417e-11,1.0270178e7,44758.27274766466,5285.290000200272
0.022301458457655264,2.812623183500493e-11,1.0269628e7,44758.20446762104,5294.3330001831055
0.022244408846424986,2.812671774686914e-11,1.0269215e7,44758.1364488054,5304.571000099182
0.022187886449142505,2.8125943773870752e-11,1.0268569e7,44758.06854816222,5313.684000015259
0.0221310168284235,2.8125398097814444e-11,1.0267988e7,44758.001230179034,5322.319000005722
0.022074389564993954,2.8128275636295355e-11,1.0267444e7,44757.93462898425,5330.805000066757
0.022016911332718776,2.812811889982886e-11,1.0266959e7,44757.86751870177,5339.553000211716
0.0219595771117021,2.8128758610909147e-11,1.0266379e7,44757.79934976158,5347.953999996185
0.021902461713437363,2.81304361253067e-11,1.0266012e7,44757.731371839225,5356.899000167847
0.0218458502749088,2.813089860972119e-11,1.0265934e7,44757.66483220588,5366.4420001506805
0.021790851947020788,2.8129741111258112e-11,1.0265251e7,44757.59819376393,5375.1740000247955
0.021735911704251612,2.8131161992476126e-11,1.0264824e7,44757.53112644205,5383.572000026703
0.021681064201660584,2.8132445064395623e-11,1.0264524e7,44757.464979536635,5392.144000053406
0.021625950560344904,2.813177116139529e-11,1.0264201e7,44757.40000125428,5401.9020001888275
0.021571816370673052,2.8133906433810976e-11,1.0263657e7,44757.336268503655,5411.555999994278
0.021518122547454447,2.813483928022845e-11,1.0262959e7,44757.2718887462,5420.321000099182
0.021465337117012536,2.8134476983387024e-11,1.0262365e7,44757.207855056295,5429.536000013351
0.021413347575518025,2.8134517894632814e-11,1.0262054e7,44757.143932787665,5438.120000123978
0.021361080061336628,2.8136736722015537e-11,1.0261587e7,44757.08036461234,5446.967000007629
0.02130874137631235,2.813715724011434e-11,1.0261421e7,44757.01686593811,5455.705000162125
0.021255615311699717,2.813464717948411e-11,1.0260939e7,44756.95394539648,5464.104000091553
0.02120273300011252,2.8136692949425525e-11,1.0260438e7,44756.891537308984,5472.560000181198
0.021150142106132027,2.813870965499033e-11,1.0260003e7,44756.82976959341,5481.405000209808
0.021099065676045338,2.813791495397152e-11,1.0259524e7,44756.768360094495,5490.805000066757
0.0210474279751472,2.8136764324547653e-11,1.0259275e7,44756.70671454065,5500.2699999809265
0.02099772012469919,2.8140942436871024e-11,1.0258862e7,44756.6450298612,5510.108000040054
0.020948831623483846,2.8138774617565206e-11,1.0258425e7,44756.5836299726,5519.571000099182
0.02089907376024223,2.8140638565742848e-11,1.025809e7,44756.52324012295,5529.404000043869
0.02084896653305935,2.814276947344874e-11,1.0257722e7,44756.46345651143,5537.757000207901
0.020799757396507274,2.8141563258112718e-11,1.0257355e7,44756.40423624509,5547.013000011444
0.020751597875867833,2.814197833481282e-11,1.0257216e7,44756.34519243729,5556.061000108719
0.020703074006630524,2.8141761277244886e-11,1.0256813e7,44756.28630063049,5566.130000114441
0.020655194766933282,2.814319167652422e-11,1.025659e7,44756.227574024386,5574.771000146866
0.02060730410148821,2.814344491383505e-11,1.0256183e7,44756.168892173315,5584.842000007629
0.0205592529496535,2.8145869588082746e-11,1.0256024e7,44756.11064355166,5593.541000127792
0.020511795535127615,2.8145261374186545e-11,1.0255717e7,44756.05263760669,5602.425000190735
0.02046414247627561,2.8144939003791603e-11,1.0255507e7,44755.99564254506,5611.451000213623
0.020416188881126538,2.8146981822117915e-11,1.0255381e7,44755.938846598256,5620.526000022888
0.020367807112861486,2.8146727175658122e-11,1.0255321e7,44755.88225371249,5629.903000116348
0.02032036816490234,2.8146777663369252e-11,1.0255356e7,44755.82588201398,5639.146000146866
0.020273592975628033,2.8148276768260852e-11,1.0255204e7,44755.7692683571,5647.995000123978
0.02022719332072326,2.8149746754873482e-11,1.0255084e7,44755.712795305146,5656.723000049591
0.020181213473483766,2.8149299380173877e-11,1.0254958e7,44755.65647721901,5665.166000127792
0.02013467113614139,2.8149446486639332e-11,1.0254915e7,44755.60050840256,5674.076000213623
0.020088805896755078,2.8150238805868866e-11,1.0254795e7,44755.54579899909,5684.162000179291
0.02004277563435797,2.8150410717259733e-11,1.0254624e7,44755.49081341483,5694.666000127792
0.019997474194469858,2.8149433823403163e-11,1.0254601e7,44755.43569063554,5704.496000051498
0.019951932786566744,2.8153497475158665e-11,1.0254253e7,44755.38111502046,5714.269000053406
0.01990529520113504,2.815584611132252e-11,1.0254099e7,44755.3264842681,5724.194000005722
0.01985890925859992,2.8153205197282165e-11,1.0254202e7,44755.2722128346,5733.029000043869
0.019812507556990825,2.8153719435103354e-11,1.025401e7,44755.217557709104,5741.778000116348
0.01976622836260202,2.8156786548726582e-11,1.0254022e7,44755.16296055322,5750.775000095367
0.01972003586065979,2.8153160823434376e-11,1.025402e7,44755.108461602795,5760.804000139236
0.019674428011950875,2.815894814478213e-11,1.0253948e7,44755.053952591814,5770.357000112534
0.019628038515832946,2.8156600928334618e-11,1.025388e7,44754.99920482392,5779.0380001068115
0.01958165666995383,2.8157013909870428e-11,1.0253824e7,44754.944283102894,5788.286000013351
0.01953619435968248,2.8158092037288022e-11,1.0253711e7,44754.88921297777,5797.6740000247955
0.019491886907595124,2.815715469437774e-11,1.0253529e7,44754.83449145903,5806.4800000190735
0.01944711296043214,2.8158419196559964e-11,1.0253494e7,44754.779105554706,5815.247000217438
0.019402957852143517,2.8158643313757805e-11,1.0253201e7,44754.72382679657,5824.72100019455
0.019358000275331994,2.8161325215367144e-11,1.0253112e7,44754.66903387175,5833.919000148773
0.01931291130339387,2.8160386828506114e-11,1.0253003e7,44754.615073326546,5842.93700003624
0.019268015365426504,2.8160145078500192e-11,1.0252936e7,44754.56196803812,5851.65900015831
0.01922317275609098,2.816252159102735e-11,1.0252908e7,44754.50913984301,5860.117000102997
0.019178170115442924,2.8161333733772198e-11,1.0252775e7,44754.45563008211,5868.606000185013
0.019132930170217746,2.8161342056353846e-11,1.0252779e7,44754.403151498256,5878.110000133514
0.019089451495105596,2.8160958319022498e-11,1.0252497e7,44754.35109667411,5887.985000133514
0.01904532955597441,2.8161285339614292e-11,1.0252266e7,44754.29979848963,5897.791000127792
0.0190020199856602,2.8166402088340975e-11,1.0252273e7,44754.249574776746,5907.309000015259
0.018959190815961622,2.8163537300882695e-11,1.0252326e7,44754.19974707418,5915.837000131607
0.018916360858104712,2.8165817159014074e-11,1.0252207e7,44754.15016089407,5924.501000165939
0.018873900285320495,2.816524934317489e-11,1.0252122e7,44754.100743109746,5934.06200003624
0.018831796517672996,2.8165368420984868e-11,1.0252293e7,44754.051423914694,5943.332000017166
0.018789698357990412,2.8164753452114492e-11,1.0252442e7,44754.00191310106,5953.503000020981
0.018748476533612324,2.8166764035006084e-11,1.0252527e7,44753.95274740719,5963.2770001888275
0.01870792691555371,2.816682480289309e-11,1.0252767e7,44753.90385326683,5971.769000053406
0.01866713875372029,2.8167167137945823e-11,1.0252861e7,44753.85478993938,5980.516000032425
0.018625779198277494,2.816767153657731e-11,1.0252822e7,44753.805352482224,5989.459000110626
0.018584252023532845,2.816868977679438e-11,1.025294e7,44753.75569809174,5998.586000204086
0.01854334238529962,2.8170562782861768e-11,1.0253014e7,44753.70596103808,6007.995000123978
0.018502477808656225,2.8170823701478545e-11,1.0252996e7,44753.656606874574,6017.361999988556
0.01846137522824249,2.8172011474586613e-11,1.0253161e7,44753.607196205725,6026.611000061035
0.01841952117466068,2.817023896262291e-11,1.0253044e7,44753.55807709595,6036.372000217438
0.01837788925009697,2.8171988605189918e-11,1.0253049e7,44753.5085423596,6045.5270001888275
0.01833686369896102,2.81751393139307e-11,1.0253068e7,44753.459246360675,6055.042999982834
0.018295701066957555,2.8171230121892773e-11,1.0253009e7,44753.409661502126,6064.493000030518
0.018254981139659527,2.8169230183133406e-11,1.0253198e7,44753.359453371835,6073.036000013351
0.018215206240501575,2.8171222332427e-11,1.0253332e7,44753.30898662994,6082.311000108719
0.018175391850614904,2.8172954244664012e-11,1.0253196e7,44753.25887722713,6091.593000173569
0.018135895490337513,2.817146275422126e-11,1.0253309e7,44753.20996799233,6100.647000074387
0.01809642058898499,2.8176307850693733e-11,1.0253477e7,44753.16201143391,6109.53200006485
0.018057490568831602,2.817484678997257e-11,1.0253496e7,44753.114278807865,6117.990000009537
0.018018406497133627,2.817515072143426e-11,1.0253578e7,44753.06627584221,6127.0199999809265
0.017979079518643568,2.8176611501875117e-11,1.0253681e7,44753.0185334013,6136.768000125885
0.01793914530076788,2.8176563887348063e-11,1.0253917e7,44752.97042680055,6146.830000162125
0.017899294229291745,2.8177706223083086e-11,1.0253962e7,44752.92384015692,6156.5090000629425
0.01786014911698313,2.817967948611961e-11,1.0253923e7,44752.8779278111,6165.061000108719
0.017821314792553524,2.8177673018848287e-11,1.0254068e7,44752.83178143135,6173.866000175476
0.017782970706609776,2.8178722911656532e-11,1.0254216e7,44752.78607739713,6182.761000156403
0.017744415258097078,2.8179344602812262e-11,1.0254205e7,44752.741345197,6192.492000102997
0.017706305599910502,2.8181860582260903e-11,1.0254267e7,44752.697328710296,6202.341000080109
0.017668887204785048,2.8181323718298652e-11,1.0254161e7,44752.65349231621,6211.495000123978
0.017631532680299,2.8179763692509565e-11,1.0254364e7,44752.61019394,6220.478000164032
0.01759380748881475,2.8182198128189652e-11,1.0254344e7,44752.5671347462,6229.300000190735
0.01755658935762707,2.818470275043716e-11,1.0254351e7,44752.52348177076,6238.2480001449585
0.017519992975324274,2.8180729973795104e-11,1.0254439e7,44752.48014856802,6246.97100019455
0.017483989898537985,2.8182563861219456e-11,1.0254617e7,44752.4379016417,6255.72400021553
0.01744801399030461,2.8184072730693705e-11,1.0254674e7,44752.39573435523,6264.741000175476
0.017412126081108825,2.8182869695664015e-11,1.0254824e7,44752.352699717136,6273.334000110626
0.01737641641614409,2.818415237403091e-11,1.0254894e7,44752.30926505154,6283.28200006485
0.01734040949307901,2.8185562231087682e-11,1.0255044e7,44752.26557671415,6292.419000148773
0.017304992167325447,2.8184388234994312e-11,1.0255129e7,44752.222277284964,6301.285000085831
0.017269611988718063,2.818628110137832e-11,1.0255228e7,44752.1788736911,6310.75400018692
0.017233986353310565,2.8187221270033143e-11,1.0255399e7,44752.134974352215,6319.265000104904
0.017198794287472414,2.8186128327129872e-11,1.0255642e7,44752.09164314,6327.664000034332
0.017164193230573596,2.8187598080092953e-11,1.0255677e7,44752.04841597459,6337.415000200272
0.017130089400876396,2.8185955807460707e-11,1.025586e7,44752.00499041627,6347.003000020981
0.017094910302589993,2.818676135131755e-11,1.0255876e7,44751.961698324325,6356.540000200272
0.01706051824816547,2.8187970696600365e-11,1.0256016e7,44751.918861810795,6365.063000202179
0.01702559278498328,2.818785706797331e-11,1.0256209e7,44751.87591881392,6374.335000038147
0.0169906055794815,2.818771867794275e-11,1.0256415e7,44751.833781541856,6382.786000013351
0.016956012598213617,2.81895502333581e-11,1.0256679e7,44751.791904619466,6391.315999984741
0.01692203376216579,2.818963434850873e-11,1.025702e7,44751.74994013774,6399.78400015831
0.016887908459018254,2.8191533953352692e-11,1.0257243e7,44751.707366537616,6408.880000114441
0.01685275761103173,2.8191871323176305e-11,1.0257544e7,44751.66449887582,6418.167000055313
0.016817564352648535,2.819151059058922e-11,1.0257743e7,44751.62155746475,6427.712000131607
0.016782179851462,2.8191742367482476e-11,1.0257875e7,44751.57823467326,6436.246000051498
0.016746680654324435,2.819318548702807e-11,1.0258108e7,44751.53488089323,6444.75400018692
0.01671155190132206,2.8192663909079168e-11,1.0258149e7,44751.492163340336,6453.374000072479
0.016676878568855344,2.8192742858457573e-11,1.0258166e7,44751.44884022791,6461.836000204086
0.016641700080786307,2.8194872854118712e-11,1.0258137e7,44751.40546116,6471.5090000629425
0.01660622200046237,2.8194100368157573e-11,1.0258302e7,44751.36266371432,6481.835000038147
0.016571911582585568,2.81946036151955e-11,1.0258496e7,44751.32004809922,6490.358000040054
0.016537632463506403,2.81946532591405e-11,1.0258685e7,44751.27754640824,6499.024000167847
0.016503676235306866,2.819652279936837e-11,1.0258775e7,44751.23559842416,6507.552000045776
0.016469823778530006,2.819719367458745e-11,1.0258822e7,44751.19369941873,6515.859000205994
0.016436176674547543,2.8195121474193718e-11,1.0259059e7,44751.15150053711,6524.59600019455
0.016402598790767667,2.8194501042986368e-11,1.0259215e7,44751.10992232075,6534.059000015259
0.016368997661214947,2.819629436111155e-11,1.0259449e7,44751.06857535972,6544.072000026703
0.016335167935258292,2.8197029677974288e-11,1.0259635e7,44751.02767578403,6552.7990000247955
0.01630218312422424,2.819830471536882e-11,1.0259773e7,44750.98740612247,6561.4130001068115
0.016269144748006167,2.8197320844374312e-11,1.026008e7,44750.94738638519,6570.460000038147
0.01623631575501632,2.8197444775282627e-11,1.0260245e7,44750.90687920351,6579.445000171661
0.01620392677221023,2.8199638970454548e-11,1.0260509e7,44750.866668256334,6588.603000164032
0.01617153540350558,2.8200786458969685e-11,1.0260633e7,44750.826659559716,6597.497000217438
0.016138972174064865,2.8199773019425363e-11,1.0260704e7,44750.7870675967,6606.710000038147
0.016106482373754546,2.8201648746840148e-11,1.0260949e7,44750.74788608412,6616.641000032425
0.016074162404152832,2.8198833381177743e-11,1.0261212e7,44750.70827326701,6626.078000068665
0.01604231316763483,2.8202323031987582e-11,1.0261597e7,44750.66877059803,6635.697000026703
0.0160108963628034,2.8201005890366945e-11,1.0261887e7,44750.62957271907,6644.447000026703
0.015978900065124278,2.8203987897595536e-11,1.0262027e7,44750.590659122354,6652.985000133514
0.015946874765998875,2.820177638769503e-11,1.0262133e7,44750.55162846519,6661.571000099182
0.015914926680098807,2.820194103737746e-11,1.0262441e7,44750.51296011392,6669.985000133514
0.015883537296310132,2.8204433742831054e-11,1.0262671e7,44750.47489485685,6679.518000125885
0.01585183929449531,2.820439645503004e-11,1.0262741e7,44750.4372086053,6688.149000167847
0.015820150712970434,2.820607934740943e-11,1.0263001e7,44750.39963932903,6696.608000040054
0.015788892861720694,2.8205669585171647e-11,1.0263128e7,44750.36248842352,6705.423000097275
0.015757334544062123,2.8204738303383054e-11,1.0263361e7,44750.32551203724,6714.9020001888275
0.01572607264289712,2.8203754133717034e-11,1.0263681e7,44750.289002233614,6723.53400015831
0.015694428561813138,2.820569438898625e-11,1.0263988e7,44750.252935834564,6732.1920001506805
0.015663668437740686,2.820323992781677e-11,1.0264309e7,44750.21688625065,6741.416000127792
0.01563368846340923,2.8207257214316618e-11,1.0264692e7,44750.18086769019,6750.506000041962
0.015603315108298937,2.8206803891632656e-11,1.0265035e7,44750.14433929689,6760.117000102997
0.015573343405500232,2.820864496624124e-11,1.0265262e7,44750.10780318406,6768.996000051498
0.015543408225714997,2.8209501892748914e-11,1.0265533e7,44750.07136924562,6778.946000099182
0.015514088145077385,2.820886577214076e-11,1.0265892e7,44750.03506451495,6787.97200012207
0.015483948184889048,2.8208719957516553e-11,1.0266228e7,44749.99848107932,6796.72100019455
0.01545349788344946,2.821174997740081e-11,1.0266453e7,44749.96220783586,6805.984000205994
0.015424479840717249,2.821062301445717e-11,1.0266796e7,44749.926169187675,6815.50400018692
0.015395095632441664,2.8209032157203467e-11,1.0267008e7,44749.88999512224,6825.155000209808
0.015366150889604285,2.8211841239000065e-11,1.0267245e7,44749.854408230596,6834.986999988556
0.015337161550795918,2.8210242118291234e-11,1.0267446e7,44749.81904478371,6844.863000154495
0.015308384292664984,2.8208932213408478e-11,1.0267879e7,44749.78383445143,6853.631000041962
0.015279983897335796,2.8212372416669904e-11,1.02681e7,44749.74887236999,6862.422000169754
0.015251366637732862,2.8212654955092158e-11,1.0268238e7,44749.713977361884,6871.744000196457
0.015221963140175666,2.8208526414148053e-11,1.0268403e7,44749.678810651334,6880.3730001449585
0.01519292375075519,2.821377530465991e-11,1.0268726e7,44749.64407792776,6889.959000110626
0.015164093617473732,2.8212546201076836e-11,1.0268943e7,44749.6099402886,6899.081000089645
0.015135758410042924,2.821295916617044e-11,1.0268964e7,44749.57602821136,6907.738000154495
0.015107932665596588,2.82123582133895e-11,1.0269179e7,44749.54222693574,6916.212000131607
0.015079943969955302,2.821406190999586e-11,1.0269421e7,44749.50818194755,6925.641000032425
0.015052390301181436,2.8215308930318942e-11,1.0269577e7,44749.474594433545,6935.881000041962
0.015024442630868124,2.821445387201154e-11,1.0269831e7,44749.44093549384,6944.4130001068115
0.014996622835066566,2.821451560887546e-11,1.0270139e7,44749.40688455501,6953.703999996185
0.014968888353191639,2.8213757096322965e-11,1.0270421e7,44749.37278061476,6963.164000034332
0.014941032247642,2.821560827570686e-11,1.0270598e7,44749.3398200568,6972.742000102997
0.014913903057007903,2.8214502123593563e-11,1.0270941e7,44749.307121214784,6982.15700006485
0.01488672669813137,2.8216473467084636e-11,1.0271144e7,44749.27433706387,6991.563000202179
0.014860267548884334,2.821693626509644e-11,1.0271313e7,44749.241426574634,7001.109000205994
0.01483366672468829,2.8216911973425555e-11,1.0271589e7,44749.20760957322,7010.694000005722
0.014806523219144446,2.8217039919966176e-11,1.0271759e7,44749.17342058692,7020.506000041962
0.014778372678282338,2.8217545609697257e-11,1.0272099e7,44749.13868632226,7029.983000040054
0.014749805637439585,2.8219432651341882e-11,1.0272373e7,44749.10356298969,7038.780000209808
0.014720415950125446,2.821822283668414e-11,1.0272663e7,44749.06828503308,7047.857000112534
0.01469082985722834,2.8219796066400698e-11,1.0272965e7,44749.03272036577,7057.357000112534
0.01466017197425452,2.822028332020519e-11,1.0273249e7,44748.99668298479,7067.7190001010895
0.014629785351261708,2.822004960295523e-11,1.0273423e7,44748.96035892779,7077.646000146866
0.014599805259842582,2.821954764140254e-11,1.0273631e7,44748.92399330267,7087.286000013351
0.014570333057986594,2.8218456674013693e-11,1.0273887e7,44748.888506610114,7096.0830001831055
0.014541177585377332,2.822180515635334e-11,1.0274219e7,44748.85332284039,7104.532999992371
0.014512625082074317,2.8223694925953054e-11,1.027452e7,44748.818792752136,7113.467000007629
0.014483985312259806,2.8219583256344576e-11,1.0274835e7,44748.784706072634,7122.615000009537
0.014455430067927643,2.8223652540328463e-11,1.0275063e7,44748.75057703544,7132.166000127792
0.0144271402356738,2.8223600103101082e-11,1.0275284e7,44748.71670961042,7141.572000026703
0.01439911258541121,2.8222363780731233e-11,1.0275531e7,44748.68340114873,7150.265000104904
0.014371373395896276,2.82233575582615e-11,1.0275787e7,44748.65061012487,7159.063000202179
0.01434350152710224,2.8224460888347892e-11,1.0276061e7,44748.61818062326,7167.508000135422
0.014316068996951316,2.8223564115963193e-11,1.027632e7,44748.5860854869,7175.97000002861
0.014288827966867229,2.822474996449552e-11,1.0276585e7,44748.5538163987,7184.830000162125
0.014262230142206095,2.8226186423000023e-11,1.0276808e7,44748.52215426797,7193.792999982834
0.014235569678534099,2.8227061446511366e-11,1.027704e7,44748.491152216215,7202.539000034332
